1;pippo;01/03/1990;1.76;true;
2;pluto;02/07/1930;1.27;true;
3;topolino;03/04/1940;1.54;true;
4;paperino;04/08/1956;1.59;false;
5;paperone;05/11/1967;1.58;false;
6;ciccio;06/10/1934;1.81;false;
7;gambadilegno;07/01/2002;1.82;true;
8;nonna;papera;1.82;1.53;false
9;qui;09/06/1995;1.45;true;
10;quo;10/05/1923;1.45;false;
11;qua;11/09/1945;1.45;true;
12;clarabella;12/12/1964;1.87;false;
13;A;31/12/99;1.00;false;
14;A;01/01/00;1.01;false;
15;A;02/01/00;1.02;false;
16;A;03/01/00;1.03;false;
17;A;04/01/00;1.04;false;
18;A;05/01/00;1.05;false;
19;A;06/01/00;1.06;false;
20;A;07/01/00;1.07;false;
21;A;08/01/00;1.08;false;
22;A;09/01/00;1.09;false;
23;A;10/01/00;1.10;false;
24;A;11/01/00;1.11;false;
25;A;12/01/00;1.12;false;
26;A;13/01/00;1.13;false;
27;A;14/01/00;1.14;false;
28;A;15/01/00;1.15;false;
29;A;16/01/00;1.16;false;
30;A;17/01/00;1.17;false;
31;A;18/01/00;1.18;false;
32;A;19/01/00;1.19;false;
33;A;20/01/00;1.20;false;
34;A;21/01/00;1.21;false;
35;A;22/01/00;1.22;false;
36;A;23/01/00;1.23;false;
37;A;24/01/00;1.24;false;
38;A;25/01/00;1.25;false;
39;A;26/01/00;1.26;false;
40;A;27/01/00;1.27;false;
41;A;28/01/00;1.28;false;
42;A;29/01/00;1.29;false;
43;A;30/01/00;1.30;false;
44;A;31/01/00;1.31;false;
45;A;01/02/00;1.32;false;
46;A;02/02/00;1.33;false;
47;A;03/02/00;1.34;false;
48;A;04/02/00;1.35;false;
49;A;05/02/00;1.36;false;
50;A;06/02/00;1.37;false;
51;A;07/02/00;1.38;false;
52;A;08/02/00;1.39;false;
53;A;09/02/00;1.40;false;
54;A;10/02/00;1.41;false;
55;A;11/02/00;1.42;false;
56;A;12/02/00;1.43;false;
57;A;13/02/00;1.44;false;
58;A;14/02/00;1.45;false;
59;A;15/02/00;1.46;false;
60;A;16/02/00;1.47;false;
61;A;17/02/00;1.48;false;
62;A;18/02/00;1.49;false;
63;A;19/02/00;1.50;false;
64;A;20/02/00;1.51;false;
65;A;21/02/00;1.52;false;
66;A;22/02/00;1.53;false;
67;A;23/02/00;1.54;false;
68;A;24/02/00;1.55;false;
69;A;25/02/00;1.56;false;
70;A;26/02/00;1.57;false;
71;A;27/02/00;1.58;false;
72;A;28/02/00;1.59;false;
73;A;29/02/00;1.60;false;
74;A;01/03/00;1.61;false;
75;A;02/03/00;1.62;false;
76;A;03/03/00;1.63;false;
77;A;04/03/00;1.64;false;
78;A;05/03/00;1.65;false;
79;A;06/03/00;1.66;false;
80;A;07/03/00;1.67;false;
81;A;08/03/00;1.68;false;
82;A;09/03/00;1.69;false;
83;A;10/03/00;1.70;false;
84;A;11/03/00;1.71;false;
85;A;12/03/00;1.72;false;
86;A;13/03/00;1.73;false;
87;A;14/03/00;1.74;false;
88;A;15/03/00;1.75;false;
89;A;16/03/00;1.76;false;
90;A;17/03/00;1.77;false;
91;A;18/03/00;1.78;false;
92;A;19/03/00;1.79;false;
93;A;20/03/00;1.80;false;
94;A;21/03/00;1.81;false;
95;A;22/03/00;1.82;false;
96;A;23/03/00;1.83;false;
97;A;24/03/00;1.84;false;
98;A;25/03/00;1.85;false;
99;A;26/03/00;1.86;false;
100;A;27/03/00;1.87;false;
101;A;28/03/00;1.88;false;
102;A;29/03/00;1.89;false;
103;A;30/03/00;1.90;false;
104;A;31/03/00;1.91;false;
105;A;01/04/00;1.92;false;
106;A;02/04/00;1.93;false;
107;A;03/04/00;1.94;false;
108;A;04/04/00;1.95;false;
109;A;05/04/00;1.96;false;
110;A;06/04/00;1.97;false;
111;A;07/04/00;1.98;false;
112;A;08/04/00;1.99;false;
113;A;09/04/00;1.100;false;
114;A;10/04/00;1.101;false;
115;A;11/04/00;1.102;false;
116;A;12/04/00;1.103;false;
117;A;13/04/00;1.104;false;
118;A;14/04/00;1.105;false;
119;A;15/04/00;1.106;false;
120;A;16/04/00;1.107;false;
121;A;17/04/00;1.108;false;
122;A;18/04/00;1.109;false;
123;A;19/04/00;1.110;false;
124;A;20/04/00;1.111;false;
125;A;21/04/00;1.112;false;
126;A;22/04/00;1.113;false;
127;A;23/04/00;1.114;false;
128;A;24/04/00;1.115;false;
129;A;25/04/00;1.116;false;
130;A;26/04/00;1.117;false;
131;A;27/04/00;1.118;false;
132;A;28/04/00;1.119;false;
133;A;29/04/00;1.120;false;
134;A;30/04/00;1.121;false;
135;A;01/05/00;1.122;false;
136;A;02/05/00;1.123;false;
137;A;03/05/00;1.124;false;
138;A;04/05/00;1.125;false;
139;A;05/05/00;1.126;false;
140;A;06/05/00;1.127;false;
141;A;07/05/00;1.128;false;
142;A;08/05/00;1.129;false;
143;A;09/05/00;1.130;false;
144;A;10/05/00;1.131;false;
145;A;11/05/00;1.132;false;
146;A;12/05/00;1.133;false;
147;A;13/05/00;1.134;false;
148;A;14/05/00;1.135;false;
149;A;15/05/00;1.136;false;
150;A;16/05/00;1.137;false;
151;A;17/05/00;1.138;false;
152;A;18/05/00;1.139;false;
153;A;19/05/00;1.140;false;
154;A;20/05/00;1.141;false;
155;A;21/05/00;1.142;false;
156;A;22/05/00;1.143;false;
157;A;23/05/00;1.144;false;
158;A;24/05/00;1.145;false;
159;A;25/05/00;1.146;false;
160;A;26/05/00;1.147;false;
161;A;27/05/00;1.148;false;
162;A;28/05/00;1.149;false;
163;A;29/05/00;1.150;false;
164;A;30/05/00;1.151;false;
165;A;31/05/00;1.152;false;
166;A;01/06/00;1.153;false;
167;A;02/06/00;1.154;false;
168;A;03/06/00;1.155;false;
169;A;04/06/00;1.156;false;
170;A;05/06/00;1.157;false;
171;A;06/06/00;1.158;false;
172;A;07/06/00;1.159;false;
173;A;08/06/00;1.160;false;
174;A;09/06/00;1.161;false;
175;A;10/06/00;1.162;false;
176;A;11/06/00;1.163;false;
177;A;12/06/00;1.164;false;
178;A;13/06/00;1.165;false;
179;A;14/06/00;1.166;false;
180;A;15/06/00;1.167;false;
181;A;16/06/00;1.168;false;
182;A;17/06/00;1.169;false;
183;A;18/06/00;1.170;false;
184;A;19/06/00;1.171;false;
185;A;20/06/00;1.172;false;
186;A;21/06/00;1.173;false;
187;A;22/06/00;1.174;false;
188;A;23/06/00;1.175;false;
189;A;24/06/00;1.176;false;
190;A;25/06/00;1.177;false;
191;A;26/06/00;1.178;false;
192;A;27/06/00;1.179;false;
193;A;28/06/00;1.180;false;
194;A;29/06/00;1.181;false;
195;A;30/06/00;1.182;false;
196;A;01/07/00;1.183;false;
197;A;02/07/00;1.184;false;
198;A;03/07/00;1.185;false;
199;A;04/07/00;1.186;false;
200;A;05/07/00;1.187;false;
201;A;06/07/00;1.188;false;
202;A;07/07/00;1.189;false;
203;A;08/07/00;1.190;false;
204;A;09/07/00;1.191;false;
205;A;10/07/00;1.192;false;
206;A;11/07/00;1.193;false;
207;A;12/07/00;1.194;false;
208;A;13/07/00;1.195;false;
209;A;14/07/00;1.196;false;
210;A;15/07/00;1.197;false;
211;A;16/07/00;1.198;false;
212;A;17/07/00;1.199;false;
213;A;18/07/00;1.200;false;
214;A;19/07/00;1.201;false;
215;A;20/07/00;1.202;false;
216;A;21/07/00;1.203;false;
217;A;22/07/00;1.204;false;
218;A;23/07/00;1.205;false;
219;A;24/07/00;1.206;false;
220;A;25/07/00;1.207;false;
221;A;26/07/00;1.208;false;
222;A;27/07/00;1.209;false;
223;A;28/07/00;1.210;false;
224;A;29/07/00;1.211;false;
225;A;30/07/00;1.212;false;
226;A;31/07/00;1.213;false;
227;A;01/08/00;1.214;false;
228;A;02/08/00;1.215;false;
229;A;03/08/00;1.216;false;
230;A;04/08/00;1.217;false;
231;A;05/08/00;1.218;false;
232;A;06/08/00;1.219;false;
233;A;07/08/00;1.220;false;
234;A;08/08/00;1.221;false;
235;A;09/08/00;1.222;false;
236;A;10/08/00;1.223;false;
237;A;11/08/00;1.224;false;
238;A;12/08/00;1.225;false;
239;A;13/08/00;1.226;false;
240;A;14/08/00;1.227;false;
241;A;15/08/00;1.228;false;
242;A;16/08/00;1.229;false;
243;A;17/08/00;1.230;false;
244;A;18/08/00;1.231;false;
245;A;19/08/00;1.232;false;
246;A;20/08/00;1.233;false;
247;A;21/08/00;1.234;false;
248;A;22/08/00;1.235;false;
249;A;23/08/00;1.236;false;
250;A;24/08/00;1.237;false;
251;A;25/08/00;1.238;false;
252;A;26/08/00;1.239;false;
253;A;27/08/00;1.240;false;
254;A;28/08/00;1.241;false;
255;A;29/08/00;1.242;false;
256;A;30/08/00;1.243;false;
257;A;31/08/00;1.244;false;
258;A;01/09/00;1.245;false;
259;A;02/09/00;1.246;false;
260;A;03/09/00;1.247;false;
261;A;04/09/00;1.248;false;
262;A;05/09/00;1.249;false;
263;A;06/09/00;1.250;false;
264;A;07/09/00;1.251;false;
265;A;08/09/00;1.252;false;
266;A;09/09/00;1.253;false;
267;A;10/09/00;1.254;false;
268;A;11/09/00;1.255;false;
269;A;12/09/00;1.256;false;
270;A;13/09/00;1.257;false;
271;A;14/09/00;1.258;false;
272;A;15/09/00;1.259;false;
273;A;16/09/00;1.260;false;
274;A;17/09/00;1.261;false;
275;A;18/09/00;1.262;false;
276;A;19/09/00;1.263;false;
277;A;20/09/00;1.264;false;
278;A;21/09/00;1.265;false;
279;A;22/09/00;1.266;false;
280;A;23/09/00;1.267;false;
281;A;24/09/00;1.268;false;
282;A;25/09/00;1.269;false;
283;A;26/09/00;1.270;false;
284;A;27/09/00;1.271;false;
285;A;28/09/00;1.272;false;
286;A;29/09/00;1.273;false;
287;A;30/09/00;1.274;false;
288;A;01/10/00;1.275;false;
289;A;02/10/00;1.276;false;
290;A;03/10/00;1.277;false;
291;A;04/10/00;1.278;false;
292;A;05/10/00;1.279;false;
293;A;06/10/00;1.280;false;
294;A;07/10/00;1.281;false;
295;A;08/10/00;1.282;false;
296;A;09/10/00;1.283;false;
297;A;10/10/00;1.284;false;
298;A;11/10/00;1.285;false;
299;A;12/10/00;1.286;false;
300;A;13/10/00;1.287;false;
301;A;14/10/00;1.288;false;
302;A;15/10/00;1.289;false;
303;A;16/10/00;1.290;false;
304;A;17/10/00;1.291;false;
305;A;18/10/00;1.292;false;
306;A;19/10/00;1.293;false;
307;A;20/10/00;1.294;false;
308;A;21/10/00;1.295;false;
309;A;22/10/00;1.296;false;
310;A;23/10/00;1.297;false;
311;A;24/10/00;1.298;false;
312;A;25/10/00;1.299;false;
313;A;26/10/00;1.300;false;
314;A;27/10/00;1.301;false;
315;A;28/10/00;1.302;false;
316;A;29/10/00;1.303;false;
317;A;30/10/00;1.304;false;
318;A;31/10/00;1.305;false;
319;A;01/11/00;1.306;false;
320;A;02/11/00;1.307;false;
321;A;03/11/00;1.308;false;
322;A;04/11/00;1.309;false;
323;A;05/11/00;1.310;false;
324;A;06/11/00;1.311;false;
325;A;07/11/00;1.312;false;
326;A;08/11/00;1.313;false;
327;A;09/11/00;1.314;false;
328;A;10/11/00;1.315;false;
329;A;11/11/00;1.316;false;
330;A;12/11/00;1.317;false;
331;A;13/11/00;1.318;false;
332;A;14/11/00;1.319;false;
333;A;15/11/00;1.320;false;
334;A;16/11/00;1.321;false;
335;A;17/11/00;1.322;false;
336;A;18/11/00;1.323;false;
337;A;19/11/00;1.324;false;
338;A;20/11/00;1.325;false;
339;A;21/11/00;1.326;false;
340;A;22/11/00;1.327;false;
341;A;23/11/00;1.328;false;
342;A;24/11/00;1.329;false;
343;A;25/11/00;1.330;false;
344;A;26/11/00;1.331;false;
345;A;27/11/00;1.332;false;
346;A;28/11/00;1.333;false;
347;A;29/11/00;1.334;false;
348;A;30/11/00;1.335;false;
349;A;01/12/00;1.336;false;
350;A;02/12/00;1.337;false;
351;A;03/12/00;1.338;false;
352;A;04/12/00;1.339;false;
353;A;05/12/00;1.340;false;
354;A;06/12/00;1.341;false;
355;A;07/12/00;1.342;false;
356;A;08/12/00;1.343;false;
357;A;09/12/00;1.344;false;
358;A;10/12/00;1.345;false;
359;A;11/12/00;1.346;false;
360;A;12/12/00;1.347;false;
361;A;13/12/00;1.348;false;
362;A;14/12/00;1.349;false;
363;A;15/12/00;1.350;false;
364;A;16/12/00;1.351;false;
365;A;17/12/00;1.352;false;
366;A;18/12/00;1.353;false;
367;A;19/12/00;1.354;false;
368;A;20/12/00;1.355;false;
369;A;21/12/00;1.356;false;
370;A;22/12/00;1.357;false;
371;A;23/12/00;1.358;false;
372;A;24/12/00;1.359;false;
373;A;25/12/00;1.360;false;
374;A;26/12/00;1.361;false;
375;A;27/12/00;1.362;false;
376;A;28/12/00;1.363;false;
377;A;29/12/00;1.364;false;
378;A;30/12/00;1.365;false;
379;A;31/12/00;1.366;false;
380;A;01/01/01;1.367;false;
381;A;02/01/01;1.368;false;
382;A;03/01/01;1.369;false;
383;A;04/01/01;1.370;false;
384;A;05/01/01;1.371;false;
385;A;06/01/01;1.372;false;
386;A;07/01/01;1.373;false;
387;A;08/01/01;1.374;false;
388;A;09/01/01;1.375;false;
389;A;10/01/01;1.376;false;
390;A;11/01/01;1.377;false;
391;A;12/01/01;1.378;false;
392;A;13/01/01;1.379;false;
393;A;14/01/01;1.380;false;
394;A;15/01/01;1.381;false;
395;A;16/01/01;1.382;false;
396;A;17/01/01;1.383;false;
397;A;18/01/01;1.384;false;
398;A;19/01/01;1.385;false;
399;A;20/01/01;1.386;false;
400;A;21/01/01;1.387;false;
401;A;22/01/01;1.388;false;
402;A;23/01/01;1.389;false;
403;A;24/01/01;1.390;false;
404;A;25/01/01;1.391;false;
405;A;26/01/01;1.392;false;
406;A;27/01/01;1.393;false;
407;A;28/01/01;1.394;false;
408;A;29/01/01;1.395;false;
409;A;30/01/01;1.396;false;
410;A;31/01/01;1.397;false;
411;A;01/02/01;1.398;false;
412;A;02/02/01;1.399;false;
413;A;03/02/01;1.400;false;
414;A;04/02/01;1.401;false;
415;A;05/02/01;1.402;false;
416;A;06/02/01;1.403;false;
417;A;07/02/01;1.404;false;
418;A;08/02/01;1.405;false;
419;A;09/02/01;1.406;false;
420;A;10/02/01;1.407;false;
421;A;11/02/01;1.408;false;
422;A;12/02/01;1.409;false;
423;A;13/02/01;1.410;false;
424;A;14/02/01;1.411;false;
425;A;15/02/01;1.412;false;
426;A;16/02/01;1.413;false;
427;A;17/02/01;1.414;false;
428;A;18/02/01;1.415;false;
429;A;19/02/01;1.416;false;
430;A;20/02/01;1.417;false;
431;A;21/02/01;1.418;false;
432;A;22/02/01;1.419;false;
433;A;23/02/01;1.420;false;
434;A;24/02/01;1.421;false;
435;A;25/02/01;1.422;false;
436;A;26/02/01;1.423;false;
437;A;27/02/01;1.424;false;
438;A;28/02/01;1.425;false;
439;A;01/03/01;1.426;false;
440;A;02/03/01;1.427;false;
441;A;03/03/01;1.428;false;
442;A;04/03/01;1.429;false;
443;A;05/03/01;1.430;false;
444;A;06/03/01;1.431;false;
445;A;07/03/01;1.432;false;
446;A;08/03/01;1.433;false;
447;A;09/03/01;1.434;false;
448;A;10/03/01;1.435;false;
449;A;11/03/01;1.436;false;
450;A;12/03/01;1.437;false;
451;A;13/03/01;1.438;false;
452;A;14/03/01;1.439;false;
453;A;15/03/01;1.440;false;
454;A;16/03/01;1.441;false;
455;A;17/03/01;1.442;false;
456;A;18/03/01;1.443;false;
457;A;19/03/01;1.444;false;
458;A;20/03/01;1.445;false;
459;A;21/03/01;1.446;false;
460;A;22/03/01;1.447;false;
461;A;23/03/01;1.448;false;
462;A;24/03/01;1.449;false;
463;A;25/03/01;1.450;false;
464;A;26/03/01;1.451;false;
465;A;27/03/01;1.452;false;
466;A;28/03/01;1.453;false;
467;A;29/03/01;1.454;false;
468;A;30/03/01;1.455;false;
469;A;31/03/01;1.456;false;
470;A;01/04/01;1.457;false;
471;A;02/04/01;1.458;false;
472;A;03/04/01;1.459;false;
473;A;04/04/01;1.460;false;
474;A;05/04/01;1.461;false;
475;A;06/04/01;1.462;false;
476;A;07/04/01;1.463;false;
477;A;08/04/01;1.464;false;
478;A;09/04/01;1.465;false;
479;A;10/04/01;1.466;false;
480;A;11/04/01;1.467;false;
481;A;12/04/01;1.468;false;
482;A;13/04/01;1.469;false;
483;A;14/04/01;1.470;false;
484;A;15/04/01;1.471;false;
485;A;16/04/01;1.472;false;
486;A;17/04/01;1.473;false;
487;A;18/04/01;1.474;false;
488;A;19/04/01;1.475;false;
489;A;20/04/01;1.476;false;
490;A;21/04/01;1.477;false;
491;A;22/04/01;1.478;false;
492;A;23/04/01;1.479;false;
493;A;24/04/01;1.480;false;
494;A;25/04/01;1.481;false;
495;A;26/04/01;1.482;false;
496;A;27/04/01;1.483;false;
497;A;28/04/01;1.484;false;
498;A;29/04/01;1.485;false;
499;A;30/04/01;1.486;false;
500;A;01/05/01;1.487;false;
501;A;02/05/01;1.488;false;
502;A;03/05/01;1.489;false;
503;A;04/05/01;1.490;false;
504;A;05/05/01;1.491;false;
505;A;06/05/01;1.492;false;
506;A;07/05/01;1.493;false;
507;A;08/05/01;1.494;false;
508;A;09/05/01;1.495;false;
509;A;10/05/01;1.496;false;
510;A;11/05/01;1.497;false;
511;A;12/05/01;1.498;false;
512;A;13/05/01;1.499;false;
513;A;14/05/01;1.500;false;
514;A;15/05/01;1.501;false;
515;A;16/05/01;1.502;false;
516;A;17/05/01;1.503;false;
517;A;18/05/01;1.504;false;
518;A;19/05/01;1.505;false;
519;A;20/05/01;1.506;false;
520;A;21/05/01;1.507;false;
521;A;22/05/01;1.508;false;
522;A;23/05/01;1.509;false;
523;A;24/05/01;1.510;false;
524;A;25/05/01;1.511;false;
525;A;26/05/01;1.512;false;
526;A;27/05/01;1.513;false;
527;A;28/05/01;1.514;false;
528;A;29/05/01;1.515;false;
529;A;30/05/01;1.516;false;
530;A;31/05/01;1.517;false;
531;A;01/06/01;1.518;false;
532;A;02/06/01;1.519;false;
533;A;03/06/01;1.520;false;
534;A;04/06/01;1.521;false;
535;A;05/06/01;1.522;false;
536;A;06/06/01;1.523;false;
537;A;07/06/01;1.524;false;
538;A;08/06/01;1.525;false;
539;A;09/06/01;1.526;false;
540;A;10/06/01;1.527;false;
541;A;11/06/01;1.528;false;
542;A;12/06/01;1.529;false;
543;A;13/06/01;1.530;false;
544;A;14/06/01;1.531;false;
545;A;15/06/01;1.532;false;
546;A;16/06/01;1.533;false;
547;A;17/06/01;1.534;false;
548;A;18/06/01;1.535;false;
549;A;19/06/01;1.536;false;
550;A;20/06/01;1.537;false;
551;A;21/06/01;1.538;false;
552;A;22/06/01;1.539;false;
553;A;23/06/01;1.540;false;
554;A;24/06/01;1.541;false;
555;A;25/06/01;1.542;false;
556;A;26/06/01;1.543;false;
557;A;27/06/01;1.544;false;
558;A;28/06/01;1.545;false;
559;A;29/06/01;1.546;false;
560;A;30/06/01;1.547;false;
561;A;01/07/01;1.548;false;
562;A;02/07/01;1.549;false;
563;A;03/07/01;1.550;false;
564;A;04/07/01;1.551;false;
565;A;05/07/01;1.552;false;
566;A;06/07/01;1.553;false;
567;A;07/07/01;1.554;false;
568;A;08/07/01;1.555;false;
569;A;09/07/01;1.556;false;
570;A;10/07/01;1.557;false;
571;A;11/07/01;1.558;false;
572;A;12/07/01;1.559;false;
573;A;13/07/01;1.560;false;
574;A;14/07/01;1.561;false;
575;A;15/07/01;1.562;false;
576;A;16/07/01;1.563;false;
577;A;17/07/01;1.564;false;
578;A;18/07/01;1.565;false;
579;A;19/07/01;1.566;false;
580;A;20/07/01;1.567;false;
581;A;21/07/01;1.568;false;
582;A;22/07/01;1.569;false;
583;A;23/07/01;1.570;false;
584;A;24/07/01;1.571;false;
585;A;25/07/01;1.572;false;
586;A;26/07/01;1.573;false;
587;A;27/07/01;1.574;false;
588;A;28/07/01;1.575;false;
589;A;29/07/01;1.576;false;
590;A;30/07/01;1.577;false;
591;A;31/07/01;1.578;false;
592;A;01/08/01;1.579;false;
593;A;02/08/01;1.580;false;
594;A;03/08/01;1.581;false;
595;A;04/08/01;1.582;false;
596;A;05/08/01;1.583;false;
597;A;06/08/01;1.584;false;
598;A;07/08/01;1.585;false;
599;A;08/08/01;1.586;false;
600;A;09/08/01;1.587;false;
601;A;10/08/01;1.588;false;
602;A;11/08/01;1.589;false;
603;A;12/08/01;1.590;false;
604;A;13/08/01;1.591;false;
605;A;14/08/01;1.592;false;
606;A;15/08/01;1.593;false;
607;A;16/08/01;1.594;false;
608;A;17/08/01;1.595;false;
609;A;18/08/01;1.596;false;
610;A;19/08/01;1.597;false;
611;A;20/08/01;1.598;false;
612;A;21/08/01;1.599;false;
613;A;22/08/01;1.600;false;
614;A;23/08/01;1.601;false;
615;A;24/08/01;1.602;false;
616;A;25/08/01;1.603;false;
617;A;26/08/01;1.604;false;
618;A;27/08/01;1.605;false;
619;A;28/08/01;1.606;false;
620;A;29/08/01;1.607;false;
621;A;30/08/01;1.608;false;
622;A;31/08/01;1.609;false;
623;A;01/09/01;1.610;false;
624;A;02/09/01;1.611;false;
625;A;03/09/01;1.612;false;
626;A;04/09/01;1.613;false;
627;A;05/09/01;1.614;false;
628;A;06/09/01;1.615;false;
629;A;07/09/01;1.616;false;
630;A;08/09/01;1.617;false;
631;A;09/09/01;1.618;false;
632;A;10/09/01;1.619;false;
633;A;11/09/01;1.620;false;
634;A;12/09/01;1.621;false;
635;A;13/09/01;1.622;false;
636;A;14/09/01;1.623;false;
637;A;15/09/01;1.624;false;
638;A;16/09/01;1.625;false;
639;A;17/09/01;1.626;false;
640;A;18/09/01;1.627;false;
641;A;19/09/01;1.628;false;
642;A;20/09/01;1.629;false;
643;A;21/09/01;1.630;false;
644;A;22/09/01;1.631;false;
645;A;23/09/01;1.632;false;
646;A;24/09/01;1.633;false;
647;A;25/09/01;1.634;false;
648;A;26/09/01;1.635;false;
649;A;27/09/01;1.636;false;
650;A;28/09/01;1.637;false;
651;A;29/09/01;1.638;false;
652;A;30/09/01;1.639;false;
653;A;01/10/01;1.640;false;
654;A;02/10/01;1.641;false;
655;A;03/10/01;1.642;false;
656;A;04/10/01;1.643;false;
657;A;05/10/01;1.644;false;
658;A;06/10/01;1.645;false;
659;A;07/10/01;1.646;false;
660;A;08/10/01;1.647;false;
661;A;09/10/01;1.648;false;
662;A;10/10/01;1.649;false;
663;A;11/10/01;1.650;false;
664;A;12/10/01;1.651;false;
665;A;13/10/01;1.652;false;
666;A;14/10/01;1.653;false;
667;A;15/10/01;1.654;false;
668;A;16/10/01;1.655;false;
669;A;17/10/01;1.656;false;
670;A;18/10/01;1.657;false;
671;A;19/10/01;1.658;false;
672;A;20/10/01;1.659;false;
673;A;21/10/01;1.660;false;
674;A;22/10/01;1.661;false;
675;A;23/10/01;1.662;false;
676;A;24/10/01;1.663;false;
677;A;25/10/01;1.664;false;
678;A;26/10/01;1.665;false;
679;A;27/10/01;1.666;false;
680;A;28/10/01;1.667;false;
681;A;29/10/01;1.668;false;
682;A;30/10/01;1.669;false;
683;A;31/10/01;1.670;false;
684;A;01/11/01;1.671;false;
685;A;02/11/01;1.672;false;
686;A;03/11/01;1.673;false;
687;A;04/11/01;1.674;false;
688;A;05/11/01;1.675;false;
689;A;06/11/01;1.676;false;
690;A;07/11/01;1.677;false;
691;A;08/11/01;1.678;false;
692;A;09/11/01;1.679;false;
693;A;10/11/01;1.680;false;
694;A;11/11/01;1.681;false;
695;A;12/11/01;1.682;false;
696;A;13/11/01;1.683;false;
697;A;14/11/01;1.684;false;
698;A;15/11/01;1.685;false;
699;A;16/11/01;1.686;false;
700;A;17/11/01;1.687;false;
701;A;18/11/01;1.688;false;
702;A;19/11/01;1.689;false;
703;A;20/11/01;1.690;false;
704;A;21/11/01;1.691;false;
705;A;22/11/01;1.692;false;
706;A;23/11/01;1.693;false;
707;A;24/11/01;1.694;false;
708;A;25/11/01;1.695;false;
709;A;26/11/01;1.696;false;
710;A;27/11/01;1.697;false;
711;A;28/11/01;1.698;false;
712;A;29/11/01;1.699;false;
713;A;30/11/01;1.700;false;
714;A;01/12/01;1.701;false;
715;A;02/12/01;1.702;false;
716;A;03/12/01;1.703;false;
717;A;04/12/01;1.704;false;
718;A;05/12/01;1.705;false;
719;A;06/12/01;1.706;false;
720;A;07/12/01;1.707;false;
721;A;08/12/01;1.708;false;
722;A;09/12/01;1.709;false;
723;A;10/12/01;1.710;false;
724;A;11/12/01;1.711;false;
725;A;12/12/01;1.712;false;
726;A;13/12/01;1.713;false;
727;A;14/12/01;1.714;false;
728;A;15/12/01;1.715;false;
729;A;16/12/01;1.716;false;
730;A;17/12/01;1.717;false;
731;A;18/12/01;1.718;false;
732;A;19/12/01;1.719;false;
733;A;20/12/01;1.720;false;
734;A;21/12/01;1.721;false;
735;A;22/12/01;1.722;false;
736;A;23/12/01;1.723;false;
737;A;24/12/01;1.724;false;
738;A;25/12/01;1.725;false;
739;A;26/12/01;1.726;false;
740;A;27/12/01;1.727;false;
741;A;28/12/01;1.728;false;
742;A;29/12/01;1.729;false;
743;A;30/12/01;1.730;false;
744;A;31/12/01;1.731;false;
745;A;01/01/02;1.732;false;
746;A;02/01/02;1.733;false;
747;A;03/01/02;1.734;false;
748;A;04/01/02;1.735;false;
749;A;05/01/02;1.736;false;
750;A;06/01/02;1.737;false;
751;A;07/01/02;1.738;false;
752;A;08/01/02;1.739;false;
753;A;09/01/02;1.740;false;
754;A;10/01/02;1.741;false;
755;A;11/01/02;1.742;false;
756;A;12/01/02;1.743;false;
757;A;13/01/02;1.744;false;
758;A;14/01/02;1.745;false;
759;A;15/01/02;1.746;false;
760;A;16/01/02;1.747;false;
761;A;17/01/02;1.748;false;
762;A;18/01/02;1.749;false;
763;A;19/01/02;1.750;false;
764;A;20/01/02;1.751;false;
765;A;21/01/02;1.752;false;
766;A;22/01/02;1.753;false;
767;A;23/01/02;1.754;false;
768;A;24/01/02;1.755;false;
769;A;25/01/02;1.756;false;
770;A;26/01/02;1.757;false;
771;A;27/01/02;1.758;false;
772;A;28/01/02;1.759;false;
773;A;29/01/02;1.760;false;
774;A;30/01/02;1.761;false;
775;A;31/01/02;1.762;false;
776;A;01/02/02;1.763;false;
777;A;02/02/02;1.764;false;
778;A;03/02/02;1.765;false;
779;A;04/02/02;1.766;false;
780;A;05/02/02;1.767;false;
781;A;06/02/02;1.768;false;
782;A;07/02/02;1.769;false;
783;A;08/02/02;1.770;false;
784;A;09/02/02;1.771;false;
785;A;10/02/02;1.772;false;
786;A;11/02/02;1.773;false;
787;A;12/02/02;1.774;false;
788;A;13/02/02;1.775;false;
789;A;14/02/02;1.776;false;
790;A;15/02/02;1.777;false;
791;A;16/02/02;1.778;false;
792;A;17/02/02;1.779;false;
793;A;18/02/02;1.780;false;
794;A;19/02/02;1.781;false;
795;A;20/02/02;1.782;false;
796;A;21/02/02;1.783;false;
797;A;22/02/02;1.784;false;
798;A;23/02/02;1.785;false;
799;A;24/02/02;1.786;false;
800;A;25/02/02;1.787;false;
801;A;26/02/02;1.788;false;
802;A;27/02/02;1.789;false;
803;A;28/02/02;1.790;false;
804;A;01/03/02;1.791;false;
805;A;02/03/02;1.792;false;
806;A;03/03/02;1.793;false;
807;A;04/03/02;1.794;false;
808;A;05/03/02;1.795;false;
809;A;06/03/02;1.796;false;
810;A;07/03/02;1.797;false;
811;A;08/03/02;1.798;false;
812;A;09/03/02;1.799;false;
813;A;10/03/02;1.800;false;
814;A;11/03/02;1.801;false;
815;A;12/03/02;1.802;false;
816;A;13/03/02;1.803;false;
817;A;14/03/02;1.804;false;
818;A;15/03/02;1.805;false;
819;A;16/03/02;1.806;false;
820;A;17/03/02;1.807;false;
821;A;18/03/02;1.808;false;
822;A;19/03/02;1.809;false;
823;A;20/03/02;1.810;false;
824;A;21/03/02;1.811;false;
825;A;22/03/02;1.812;false;
826;A;23/03/02;1.813;false;
827;A;24/03/02;1.814;false;
828;A;25/03/02;1.815;false;
829;A;26/03/02;1.816;false;
830;A;27/03/02;1.817;false;
831;A;28/03/02;1.818;false;
832;A;29/03/02;1.819;false;
833;A;30/03/02;1.820;false;
834;A;31/03/02;1.821;false;
835;A;01/04/02;1.822;false;
836;A;02/04/02;1.823;false;
837;A;03/04/02;1.824;false;
838;A;04/04/02;1.825;false;
839;A;05/04/02;1.826;false;
840;A;06/04/02;1.827;false;
841;A;07/04/02;1.828;false;
842;A;08/04/02;1.829;false;
843;A;09/04/02;1.830;false;
844;A;10/04/02;1.831;false;
845;A;11/04/02;1.832;false;
846;A;12/04/02;1.833;false;
847;A;13/04/02;1.834;false;
848;A;14/04/02;1.835;false;
849;A;15/04/02;1.836;false;
850;A;16/04/02;1.837;false;
851;A;17/04/02;1.838;false;
852;A;18/04/02;1.839;false;
853;A;19/04/02;1.840;false;
854;A;20/04/02;1.841;false;
855;A;21/04/02;1.842;false;
856;A;22/04/02;1.843;false;
857;A;23/04/02;1.844;false;
858;A;24/04/02;1.845;false;
859;A;25/04/02;1.846;false;
860;A;26/04/02;1.847;false;
861;A;27/04/02;1.848;false;
862;A;28/04/02;1.849;false;
863;A;29/04/02;1.850;false;
864;A;30/04/02;1.851;false;
865;A;01/05/02;1.852;false;
866;A;02/05/02;1.853;false;
867;A;03/05/02;1.854;false;
868;A;04/05/02;1.855;false;
869;A;05/05/02;1.856;false;
870;A;06/05/02;1.857;false;
871;A;07/05/02;1.858;false;
872;A;08/05/02;1.859;false;
873;A;09/05/02;1.860;false;
874;A;10/05/02;1.861;false;
875;A;11/05/02;1.862;false;
876;A;12/05/02;1.863;false;
877;A;13/05/02;1.864;false;
878;A;14/05/02;1.865;false;
879;A;15/05/02;1.866;false;
880;A;16/05/02;1.867;false;
881;A;17/05/02;1.868;false;
882;A;18/05/02;1.869;false;
883;A;19/05/02;1.870;false;
884;A;20/05/02;1.871;false;
885;A;21/05/02;1.872;false;
886;A;22/05/02;1.873;false;
887;A;23/05/02;1.874;false;
888;A;24/05/02;1.875;false;
889;A;25/05/02;1.876;false;
890;A;26/05/02;1.877;false;
891;A;27/05/02;1.878;false;
892;A;28/05/02;1.879;false;
893;A;29/05/02;1.880;false;
894;A;30/05/02;1.881;false;
895;A;31/05/02;1.882;false;
896;A;01/06/02;1.883;false;
897;A;02/06/02;1.884;false;
898;A;03/06/02;1.885;false;
899;A;04/06/02;1.886;false;
900;A;05/06/02;1.887;false;
901;A;06/06/02;1.888;false;
902;A;07/06/02;1.889;false;
903;A;08/06/02;1.890;false;
904;A;09/06/02;1.891;false;
905;A;10/06/02;1.892;false;
906;A;11/06/02;1.893;false;
907;A;12/06/02;1.894;false;
908;A;13/06/02;1.895;false;
909;A;14/06/02;1.896;false;
910;A;15/06/02;1.897;false;
911;A;16/06/02;1.898;false;
912;A;17/06/02;1.899;false;
913;A;18/06/02;1.900;false;
914;A;19/06/02;1.901;false;
915;A;20/06/02;1.902;false;
916;A;21/06/02;1.903;false;
917;A;22/06/02;1.904;false;
918;A;23/06/02;1.905;false;
919;A;24/06/02;1.906;false;
920;A;25/06/02;1.907;false;
921;A;26/06/02;1.908;false;
922;A;27/06/02;1.909;false;
923;A;28/06/02;1.910;false;
924;A;29/06/02;1.911;false;
925;A;30/06/02;1.912;false;
926;A;01/07/02;1.913;false;
927;A;02/07/02;1.914;false;
928;A;03/07/02;1.915;false;
929;A;04/07/02;1.916;false;
930;A;05/07/02;1.917;false;
931;A;06/07/02;1.918;false;
932;A;07/07/02;1.919;false;
933;A;08/07/02;1.920;false;
934;A;09/07/02;1.921;false;
935;A;10/07/02;1.922;false;
936;A;11/07/02;1.923;false;
937;A;12/07/02;1.924;false;
938;A;13/07/02;1.925;false;
939;A;14/07/02;1.926;false;
940;A;15/07/02;1.927;false;
941;A;16/07/02;1.928;false;
942;A;17/07/02;1.929;false;
943;A;18/07/02;1.930;false;
944;A;19/07/02;1.931;false;
945;A;20/07/02;1.932;false;
946;A;21/07/02;1.933;false;
947;A;22/07/02;1.934;false;
948;A;23/07/02;1.935;false;
949;A;24/07/02;1.936;false;
950;A;25/07/02;1.937;false;
951;A;26/07/02;1.938;false;
952;A;27/07/02;1.939;false;
953;A;28/07/02;1.940;false;
954;A;29/07/02;1.941;false;
955;A;30/07/02;1.942;false;
956;A;31/07/02;1.943;false;
957;A;01/08/02;1.944;false;
958;A;02/08/02;1.945;false;
959;A;03/08/02;1.946;false;
960;A;04/08/02;1.947;false;
961;A;05/08/02;1.948;false;
962;A;06/08/02;1.949;false;
963;A;07/08/02;1.950;false;
964;A;08/08/02;1.951;false;
965;A;09/08/02;1.952;false;
966;A;10/08/02;1.953;false;
967;A;11/08/02;1.954;false;
968;A;12/08/02;1.955;false;
969;A;13/08/02;1.956;false;
970;A;14/08/02;1.957;false;
971;A;15/08/02;1.958;false;
972;A;16/08/02;1.959;false;
973;A;17/08/02;1.960;false;
974;A;18/08/02;1.961;false;
975;A;19/08/02;1.962;false;
976;A;20/08/02;1.963;false;
977;A;21/08/02;1.964;false;
978;A;22/08/02;1.965;false;
979;A;23/08/02;1.966;false;
980;A;24/08/02;1.967;false;
981;A;25/08/02;1.968;false;
982;A;26/08/02;1.969;false;
983;A;27/08/02;1.970;false;
984;A;28/08/02;1.971;false;
985;A;29/08/02;1.972;false;
986;A;30/08/02;1.973;false;
987;A;31/08/02;1.974;false;
988;A;01/09/02;1.975;false;
989;A;02/09/02;1.976;false;
990;A;03/09/02;1.977;false;
991;A;04/09/02;1.978;false;
992;A;05/09/02;1.979;false;
993;A;06/09/02;1.980;false;
994;A;07/09/02;1.981;false;
995;A;08/09/02;1.982;false;
996;A;09/09/02;1.983;false;
997;A;10/09/02;1.984;false;
998;A;11/09/02;1.985;false;
999;A;12/09/02;1.986;false;
1000;A;13/09/02;1.987;false;
1001;A;14/09/02;1.988;false;
1002;A;15/09/02;1.989;false;
1003;A;16/09/02;1.990;false;
1004;A;17/09/02;1.991;false;
1005;A;18/09/02;1.992;false;
1006;A;19/09/02;1.993;false;
1007;A;20/09/02;1.994;false;
1008;A;21/09/02;1.995;false;
1009;A;22/09/02;1.996;false;
1010;A;23/09/02;1.997;false;
1011;A;24/09/02;1.998;false;
1012;A;25/09/02;1.999;false;
1013;A;26/09/02;1.1000;false;
1014;A;27/09/02;1.1001;false;
1015;A;28/09/02;1.1002;false;
1016;A;29/09/02;1.1003;false;
1017;A;30/09/02;1.1004;false;
1018;A;01/10/02;1.1005;false;
1019;A;02/10/02;1.1006;false;
1020;A;03/10/02;1.1007;false;
1021;A;04/10/02;1.1008;false;
1022;A;05/10/02;1.1009;false;
1023;A;06/10/02;1.1010;false;
1024;A;07/10/02;1.1011;false;
1025;A;08/10/02;1.1012;false;
1026;A;09/10/02;1.1013;false;
1027;A;10/10/02;1.1014;false;
1028;A;11/10/02;1.1015;false;
1029;A;12/10/02;1.1016;false;
1030;A;13/10/02;1.1017;false;
1031;A;14/10/02;1.1018;false;
1032;A;15/10/02;1.1019;false;
1033;A;16/10/02;1.1020;false;
1034;A;17/10/02;1.1021;false;
1035;A;18/10/02;1.1022;false;
1036;A;19/10/02;1.1023;false;
1037;A;20/10/02;1.1024;false;
1038;A;21/10/02;1.1025;false;
1039;A;22/10/02;1.1026;false;
1040;A;23/10/02;1.1027;false;
1041;A;24/10/02;1.1028;false;
1042;A;25/10/02;1.1029;false;
1043;A;26/10/02;1.1030;false;
1044;A;27/10/02;1.1031;false;
1045;A;28/10/02;1.1032;false;
1046;A;29/10/02;1.1033;false;
1047;A;30/10/02;1.1034;false;
1048;A;31/10/02;1.1035;false;
1049;A;01/11/02;1.1036;false;
1050;A;02/11/02;1.1037;false;
1051;A;03/11/02;1.1038;false;
1052;A;04/11/02;1.1039;false;
1053;A;05/11/02;1.1040;false;
1054;A;06/11/02;1.1041;false;
1055;A;07/11/02;1.1042;false;
1056;A;08/11/02;1.1043;false;
1057;A;09/11/02;1.1044;false;
1058;A;10/11/02;1.1045;false;
1059;A;11/11/02;1.1046;false;
1060;A;12/11/02;1.1047;false;
1061;A;13/11/02;1.1048;false;
1062;A;14/11/02;1.1049;false;
1063;A;15/11/02;1.1050;false;
1064;A;16/11/02;1.1051;false;
1065;A;17/11/02;1.1052;false;
1066;A;18/11/02;1.1053;false;
1067;A;19/11/02;1.1054;false;
1068;A;20/11/02;1.1055;false;
1069;A;21/11/02;1.1056;false;
1070;A;22/11/02;1.1057;false;
1071;A;23/11/02;1.1058;false;
1072;A;24/11/02;1.1059;false;
1073;A;25/11/02;1.1060;false;
1074;A;26/11/02;1.1061;false;
1075;A;27/11/02;1.1062;false;
1076;A;28/11/02;1.1063;false;
1077;A;29/11/02;1.1064;false;
1078;A;30/11/02;1.1065;false;
1079;A;01/12/02;1.1066;false;
1080;A;02/12/02;1.1067;false;
1081;A;03/12/02;1.1068;false;
1082;A;04/12/02;1.1069;false;
1083;A;05/12/02;1.1070;false;
1084;A;06/12/02;1.1071;false;
1085;A;07/12/02;1.1072;false;
1086;A;08/12/02;1.1073;false;
1087;A;09/12/02;1.1074;false;
1088;A;10/12/02;1.1075;false;
1089;A;11/12/02;1.1076;false;
1090;A;12/12/02;1.1077;false;
1091;A;13/12/02;1.1078;false;
1092;A;14/12/02;1.1079;false;
1093;A;15/12/02;1.1080;false;
1094;A;16/12/02;1.1081;false;
1095;A;17/12/02;1.1082;false;
1096;A;18/12/02;1.1083;false;
1097;A;19/12/02;1.1084;false;
1098;A;20/12/02;1.1085;false;
1099;A;21/12/02;1.1086;false;
1100;A;22/12/02;1.1087;false;
1101;A;23/12/02;1.1088;false;
1102;A;24/12/02;1.1089;false;
1103;A;25/12/02;1.1090;false;
1104;A;26/12/02;1.1091;false;
1105;A;27/12/02;1.1092;false;
1106;A;28/12/02;1.1093;false;
1107;A;29/12/02;1.1094;false;
1108;A;30/12/02;1.1095;false;
1109;A;31/12/02;1.1096;false;
1110;A;01/01/03;1.1097;false;
1111;A;02/01/03;1.1098;false;
1112;A;03/01/03;1.1099;false;
1113;A;04/01/03;1.1100;false;
1114;A;05/01/03;1.1101;false;
1115;A;06/01/03;1.1102;false;
1116;A;07/01/03;1.1103;false;
1117;A;08/01/03;1.1104;false;
1118;A;09/01/03;1.1105;false;
1119;A;10/01/03;1.1106;false;
1120;A;11/01/03;1.1107;false;
1121;A;12/01/03;1.1108;false;
1122;A;13/01/03;1.1109;false;
1123;A;14/01/03;1.1110;false;
1124;A;15/01/03;1.1111;false;
1125;A;16/01/03;1.1112;false;
1126;A;17/01/03;1.1113;false;
1127;A;18/01/03;1.1114;false;
1128;A;19/01/03;1.1115;false;
1129;A;20/01/03;1.1116;false;
1130;A;21/01/03;1.1117;false;
1131;A;22/01/03;1.1118;false;
1132;A;23/01/03;1.1119;false;
1133;A;24/01/03;1.1120;false;
1134;A;25/01/03;1.1121;false;
1135;A;26/01/03;1.1122;false;
1136;A;27/01/03;1.1123;false;
1137;A;28/01/03;1.1124;false;
1138;A;29/01/03;1.1125;false;
1139;A;30/01/03;1.1126;false;
1140;A;31/01/03;1.1127;false;
1141;A;01/02/03;1.1128;false;
1142;A;02/02/03;1.1129;false;
1143;A;03/02/03;1.1130;false;
1144;A;04/02/03;1.1131;false;
1145;A;05/02/03;1.1132;false;
1146;A;06/02/03;1.1133;false;
1147;A;07/02/03;1.1134;false;
1148;A;08/02/03;1.1135;false;
1149;A;09/02/03;1.1136;false;
1150;A;10/02/03;1.1137;false;
1151;A;11/02/03;1.1138;false;
1152;A;12/02/03;1.1139;false;
1153;A;13/02/03;1.1140;false;
1154;A;14/02/03;1.1141;false;
1155;A;15/02/03;1.1142;false;
1156;A;16/02/03;1.1143;false;
1157;A;17/02/03;1.1144;false;
1158;A;18/02/03;1.1145;false;
1159;A;19/02/03;1.1146;false;
1160;A;20/02/03;1.1147;false;
1161;A;21/02/03;1.1148;false;
1162;A;22/02/03;1.1149;false;
1163;A;23/02/03;1.1150;false;
1164;A;24/02/03;1.1151;false;
1165;A;25/02/03;1.1152;false;
1166;A;26/02/03;1.1153;false;
1167;A;27/02/03;1.1154;false;
1168;A;28/02/03;1.1155;false;
1169;A;01/03/03;1.1156;false;
1170;A;02/03/03;1.1157;false;
1171;A;03/03/03;1.1158;false;
1172;A;04/03/03;1.1159;false;
1173;A;05/03/03;1.1160;false;
1174;A;06/03/03;1.1161;false;
1175;A;07/03/03;1.1162;false;
1176;A;08/03/03;1.1163;false;
1177;A;09/03/03;1.1164;false;
1178;A;10/03/03;1.1165;false;
1179;A;11/03/03;1.1166;false;
1180;A;12/03/03;1.1167;false;
1181;A;13/03/03;1.1168;false;
1182;A;14/03/03;1.1169;false;
1183;A;15/03/03;1.1170;false;
1184;A;16/03/03;1.1171;false;
1185;A;17/03/03;1.1172;false;
1186;A;18/03/03;1.1173;false;
1187;A;19/03/03;1.1174;false;
1188;A;20/03/03;1.1175;false;
1189;A;21/03/03;1.1176;false;
1190;A;22/03/03;1.1177;false;
1191;A;23/03/03;1.1178;false;
1192;A;24/03/03;1.1179;false;
1193;A;25/03/03;1.1180;false;
1194;A;26/03/03;1.1181;false;
1195;A;27/03/03;1.1182;false;
1196;A;28/03/03;1.1183;false;
1197;A;29/03/03;1.1184;false;
1198;A;30/03/03;1.1185;false;
1199;A;31/03/03;1.1186;false;
1200;A;01/04/03;1.1187;false;
1201;A;02/04/03;1.1188;false;
1202;A;03/04/03;1.1189;false;
1203;A;04/04/03;1.1190;false;
1204;A;05/04/03;1.1191;false;
1205;A;06/04/03;1.1192;false;
1206;A;07/04/03;1.1193;false;
1207;A;08/04/03;1.1194;false;
1208;A;09/04/03;1.1195;false;
1209;A;10/04/03;1.1196;false;
1210;A;11/04/03;1.1197;false;
1211;A;12/04/03;1.1198;false;
1212;A;13/04/03;1.1199;false;
1213;A;14/04/03;1.1200;false;
1214;A;15/04/03;1.1201;false;
1215;A;16/04/03;1.1202;false;
1216;A;17/04/03;1.1203;false;
1217;A;18/04/03;1.1204;false;
1218;A;19/04/03;1.1205;false;
1219;A;20/04/03;1.1206;false;
1220;A;21/04/03;1.1207;false;
1221;A;22/04/03;1.1208;false;
1222;A;23/04/03;1.1209;false;
1223;A;24/04/03;1.1210;false;
1224;A;25/04/03;1.1211;false;
1225;A;26/04/03;1.1212;false;
1226;A;27/04/03;1.1213;false;
1227;A;28/04/03;1.1214;false;
1228;A;29/04/03;1.1215;false;
1229;A;30/04/03;1.1216;false;
1230;A;01/05/03;1.1217;false;
1231;A;02/05/03;1.1218;false;
1232;A;03/05/03;1.1219;false;
1233;A;04/05/03;1.1220;false;
1234;A;05/05/03;1.1221;false;
1235;A;06/05/03;1.1222;false;
1236;A;07/05/03;1.1223;false;
1237;A;08/05/03;1.1224;false;
1238;A;09/05/03;1.1225;false;
1239;A;10/05/03;1.1226;false;
1240;A;11/05/03;1.1227;false;
1241;A;12/05/03;1.1228;false;
1242;A;13/05/03;1.1229;false;
1243;A;14/05/03;1.1230;false;
1244;A;15/05/03;1.1231;false;
1245;A;16/05/03;1.1232;false;
1246;A;17/05/03;1.1233;false;
1247;A;18/05/03;1.1234;false;
1248;A;19/05/03;1.1235;false;
1249;A;20/05/03;1.1236;false;
1250;A;21/05/03;1.1237;false;
1251;A;22/05/03;1.1238;false;
1252;A;23/05/03;1.1239;false;
1253;A;24/05/03;1.1240;false;
1254;A;25/05/03;1.1241;false;
1255;A;26/05/03;1.1242;false;
1256;A;27/05/03;1.1243;false;
1257;A;28/05/03;1.1244;false;
1258;A;29/05/03;1.1245;false;
1259;A;30/05/03;1.1246;false;
1260;A;31/05/03;1.1247;false;
1261;A;01/06/03;1.1248;false;
1262;A;02/06/03;1.1249;false;
1263;A;03/06/03;1.1250;false;
1264;A;04/06/03;1.1251;false;
1265;A;05/06/03;1.1252;false;
1266;A;06/06/03;1.1253;false;
1267;A;07/06/03;1.1254;false;
1268;A;08/06/03;1.1255;false;
1269;A;09/06/03;1.1256;false;
1270;A;10/06/03;1.1257;false;
1271;A;11/06/03;1.1258;false;
1272;A;12/06/03;1.1259;false;
1273;A;13/06/03;1.1260;false;
1274;A;14/06/03;1.1261;false;
1275;A;15/06/03;1.1262;false;
1276;A;16/06/03;1.1263;false;
1277;A;17/06/03;1.1264;false;
1278;A;18/06/03;1.1265;false;
1279;A;19/06/03;1.1266;false;
1280;A;20/06/03;1.1267;false;
1281;A;21/06/03;1.1268;false;
1282;A;22/06/03;1.1269;false;
1283;A;23/06/03;1.1270;false;
1284;A;24/06/03;1.1271;false;
1285;A;25/06/03;1.1272;false;
1286;A;26/06/03;1.1273;false;
1287;A;27/06/03;1.1274;false;
1288;A;28/06/03;1.1275;false;
1289;A;29/06/03;1.1276;false;
1290;A;30/06/03;1.1277;false;
1291;A;01/07/03;1.1278;false;
1292;A;02/07/03;1.1279;false;
1293;A;03/07/03;1.1280;false;
1294;A;04/07/03;1.1281;false;
1295;A;05/07/03;1.1282;false;
1296;A;06/07/03;1.1283;false;
1297;A;07/07/03;1.1284;false;
1298;A;08/07/03;1.1285;false;
1299;A;09/07/03;1.1286;false;
1300;A;10/07/03;1.1287;false;
1301;A;11/07/03;1.1288;false;
1302;A;12/07/03;1.1289;false;
1303;A;13/07/03;1.1290;false;
1304;A;14/07/03;1.1291;false;
1305;A;15/07/03;1.1292;false;
1306;A;16/07/03;1.1293;false;
1307;A;17/07/03;1.1294;false;
1308;A;18/07/03;1.1295;false;
1309;A;19/07/03;1.1296;false;
1310;A;20/07/03;1.1297;false;
1311;A;21/07/03;1.1298;false;
1312;A;22/07/03;1.1299;false;
1313;A;23/07/03;1.1300;false;
1314;A;24/07/03;1.1301;false;
1315;A;25/07/03;1.1302;false;
1316;A;26/07/03;1.1303;false;
1317;A;27/07/03;1.1304;false;
1318;A;28/07/03;1.1305;false;
1319;A;29/07/03;1.1306;false;
1320;A;30/07/03;1.1307;false;
1321;A;31/07/03;1.1308;false;
1322;A;01/08/03;1.1309;false;
1323;A;02/08/03;1.1310;false;
1324;A;03/08/03;1.1311;false;
1325;A;04/08/03;1.1312;false;
1326;A;05/08/03;1.1313;false;
1327;A;06/08/03;1.1314;false;
1328;A;07/08/03;1.1315;false;
1329;A;08/08/03;1.1316;false;
1330;A;09/08/03;1.1317;false;
1331;A;10/08/03;1.1318;false;
1332;A;11/08/03;1.1319;false;
1333;A;12/08/03;1.1320;false;
1334;A;13/08/03;1.1321;false;
1335;A;14/08/03;1.1322;false;
1336;A;15/08/03;1.1323;false;
1337;A;16/08/03;1.1324;false;
1338;A;17/08/03;1.1325;false;
1339;A;18/08/03;1.1326;false;
1340;A;19/08/03;1.1327;false;
1341;A;20/08/03;1.1328;false;
1342;A;21/08/03;1.1329;false;
1343;A;22/08/03;1.1330;false;
1344;A;23/08/03;1.1331;false;
1345;A;24/08/03;1.1332;false;
1346;A;25/08/03;1.1333;false;
1347;A;26/08/03;1.1334;false;
1348;A;27/08/03;1.1335;false;
1349;A;28/08/03;1.1336;false;
1350;A;29/08/03;1.1337;false;
1351;A;30/08/03;1.1338;false;
1352;A;31/08/03;1.1339;false;
1353;A;01/09/03;1.1340;false;
1354;A;02/09/03;1.1341;false;
1355;A;03/09/03;1.1342;false;
1356;A;04/09/03;1.1343;false;
1357;A;05/09/03;1.1344;false;
1358;A;06/09/03;1.1345;false;
1359;A;07/09/03;1.1346;false;
1360;A;08/09/03;1.1347;false;
1361;A;09/09/03;1.1348;false;
1362;A;10/09/03;1.1349;false;
1363;A;11/09/03;1.1350;false;
1364;A;12/09/03;1.1351;false;
1365;A;13/09/03;1.1352;false;
1366;A;14/09/03;1.1353;false;
1367;A;15/09/03;1.1354;false;
1368;A;16/09/03;1.1355;false;
1369;A;17/09/03;1.1356;false;
1370;A;18/09/03;1.1357;false;
1371;A;19/09/03;1.1358;false;
1372;A;20/09/03;1.1359;false;
1373;A;21/09/03;1.1360;false;
1374;A;22/09/03;1.1361;false;
1375;A;23/09/03;1.1362;false;
1376;A;24/09/03;1.1363;false;
1377;A;25/09/03;1.1364;false;
1378;A;26/09/03;1.1365;false;
1379;A;27/09/03;1.1366;false;
1380;A;28/09/03;1.1367;false;
1381;A;29/09/03;1.1368;false;
1382;A;30/09/03;1.1369;false;
1383;A;01/10/03;1.1370;false;
1384;A;02/10/03;1.1371;false;
1385;A;03/10/03;1.1372;false;
1386;A;04/10/03;1.1373;false;
1387;A;05/10/03;1.1374;false;
1388;A;06/10/03;1.1375;false;
1389;A;07/10/03;1.1376;false;
1390;A;08/10/03;1.1377;false;
1391;A;09/10/03;1.1378;false;
1392;A;10/10/03;1.1379;false;
1393;A;11/10/03;1.1380;false;
1394;A;12/10/03;1.1381;false;
1395;A;13/10/03;1.1382;false;
1396;A;14/10/03;1.1383;false;
1397;A;15/10/03;1.1384;false;
1398;A;16/10/03;1.1385;false;
1399;A;17/10/03;1.1386;false;
1400;A;18/10/03;1.1387;false;
1401;A;19/10/03;1.1388;false;
1402;A;20/10/03;1.1389;false;
1403;A;21/10/03;1.1390;false;
1404;A;22/10/03;1.1391;false;
1405;A;23/10/03;1.1392;false;
1406;A;24/10/03;1.1393;false;
1407;A;25/10/03;1.1394;false;
1408;A;26/10/03;1.1395;false;
1409;A;27/10/03;1.1396;false;
1410;A;28/10/03;1.1397;false;
1411;A;29/10/03;1.1398;false;
1412;A;30/10/03;1.1399;false;
1413;A;31/10/03;1.1400;false;
1414;A;01/11/03;1.1401;false;
1415;A;02/11/03;1.1402;false;
1416;A;03/11/03;1.1403;false;
1417;A;04/11/03;1.1404;false;
1418;A;05/11/03;1.1405;false;
1419;A;06/11/03;1.1406;false;
1420;A;07/11/03;1.1407;false;
1421;A;08/11/03;1.1408;false;
1422;A;09/11/03;1.1409;false;
1423;A;10/11/03;1.1410;false;
1424;A;11/11/03;1.1411;false;
1425;A;12/11/03;1.1412;false;
1426;A;13/11/03;1.1413;false;
1427;A;14/11/03;1.1414;false;
1428;A;15/11/03;1.1415;false;
1429;A;16/11/03;1.1416;false;
1430;A;17/11/03;1.1417;false;
1431;A;18/11/03;1.1418;false;
1432;A;19/11/03;1.1419;false;
1433;A;20/11/03;1.1420;false;
1434;A;21/11/03;1.1421;false;
1435;A;22/11/03;1.1422;false;
1436;A;23/11/03;1.1423;false;
1437;A;24/11/03;1.1424;false;
1438;A;25/11/03;1.1425;false;
1439;A;26/11/03;1.1426;false;
1440;A;27/11/03;1.1427;false;
1441;A;28/11/03;1.1428;false;
1442;A;29/11/03;1.1429;false;
1443;A;30/11/03;1.1430;false;
1444;A;01/12/03;1.1431;false;
1445;A;02/12/03;1.1432;false;
1446;A;03/12/03;1.1433;false;
1447;A;04/12/03;1.1434;false;
1448;A;05/12/03;1.1435;false;
1449;A;06/12/03;1.1436;false;
1450;A;07/12/03;1.1437;false;
1451;A;08/12/03;1.1438;false;
1452;A;09/12/03;1.1439;false;
1453;A;10/12/03;1.1440;false;
1454;A;11/12/03;1.1441;false;
1455;A;12/12/03;1.1442;false;
1456;A;13/12/03;1.1443;false;
1457;A;14/12/03;1.1444;false;
1458;A;15/12/03;1.1445;false;
1459;A;16/12/03;1.1446;false;
1460;A;17/12/03;1.1447;false;
1461;A;18/12/03;1.1448;false;
1462;A;19/12/03;1.1449;false;
1463;A;20/12/03;1.1450;false;
1464;A;21/12/03;1.1451;false;
1465;A;22/12/03;1.1452;false;
1466;A;23/12/03;1.1453;false;
1467;A;24/12/03;1.1454;false;
1468;A;25/12/03;1.1455;false;
1469;A;26/12/03;1.1456;false;
1470;A;27/12/03;1.1457;false;
1471;A;28/12/03;1.1458;false;
1472;A;29/12/03;1.1459;false;
1473;A;30/12/03;1.1460;false;
1474;A;31/12/03;1.1461;false;
1475;A;01/01/04;1.1462;false;
1476;A;02/01/04;1.1463;false;
1477;A;03/01/04;1.1464;false;
1478;A;04/01/04;1.1465;false;
1479;A;05/01/04;1.1466;false;
1480;A;06/01/04;1.1467;false;
1481;A;07/01/04;1.1468;false;
1482;A;08/01/04;1.1469;false;
1483;A;09/01/04;1.1470;false;
1484;A;10/01/04;1.1471;false;
1485;A;11/01/04;1.1472;false;
1486;A;12/01/04;1.1473;false;
1487;A;13/01/04;1.1474;false;
1488;A;14/01/04;1.1475;false;
1489;A;15/01/04;1.1476;false;
1490;A;16/01/04;1.1477;false;
1491;A;17/01/04;1.1478;false;
1492;A;18/01/04;1.1479;false;
1493;A;19/01/04;1.1480;false;
1494;A;20/01/04;1.1481;false;
1495;A;21/01/04;1.1482;false;
1496;A;22/01/04;1.1483;false;
1497;A;23/01/04;1.1484;false;
1498;A;24/01/04;1.1485;false;
1499;A;25/01/04;1.1486;false;
1500;A;26/01/04;1.1487;false;
1501;A;27/01/04;1.1488;false;
1502;A;28/01/04;1.1489;false;
1503;A;29/01/04;1.1490;false;
1504;A;30/01/04;1.1491;false;
1505;A;31/01/04;1.1492;false;
1506;A;01/02/04;1.1493;false;
1507;A;02/02/04;1.1494;false;
1508;A;03/02/04;1.1495;false;
1509;A;04/02/04;1.1496;false;
1510;A;05/02/04;1.1497;false;
1511;A;06/02/04;1.1498;false;
1512;A;07/02/04;1.1499;false;
1513;A;08/02/04;1.1500;false;
1514;A;09/02/04;1.1501;false;
1515;A;10/02/04;1.1502;false;
1516;A;11/02/04;1.1503;false;
1517;A;12/02/04;1.1504;false;
1518;A;13/02/04;1.1505;false;
1519;A;14/02/04;1.1506;false;
1520;A;15/02/04;1.1507;false;
1521;A;16/02/04;1.1508;false;
1522;A;17/02/04;1.1509;false;
1523;A;18/02/04;1.1510;false;
1524;A;19/02/04;1.1511;false;
1525;A;20/02/04;1.1512;false;
1526;A;21/02/04;1.1513;false;
1527;A;22/02/04;1.1514;false;
1528;A;23/02/04;1.1515;false;
1529;A;24/02/04;1.1516;false;
1530;A;25/02/04;1.1517;false;
1531;A;26/02/04;1.1518;false;
1532;A;27/02/04;1.1519;false;
1533;A;28/02/04;1.1520;false;
1534;A;29/02/04;1.1521;false;
1535;A;01/03/04;1.1522;false;
1536;A;02/03/04;1.1523;false;
1537;A;03/03/04;1.1524;false;
1538;A;04/03/04;1.1525;false;
1539;A;05/03/04;1.1526;false;
1540;A;06/03/04;1.1527;false;
1541;A;07/03/04;1.1528;false;
1542;A;08/03/04;1.1529;false;
1543;A;09/03/04;1.1530;false;
1544;A;10/03/04;1.1531;false;
1545;A;11/03/04;1.1532;false;
1546;A;12/03/04;1.1533;false;
1547;A;13/03/04;1.1534;false;
1548;A;14/03/04;1.1535;false;
1549;A;15/03/04;1.1536;false;
1550;A;16/03/04;1.1537;false;
1551;A;17/03/04;1.1538;false;
1552;A;18/03/04;1.1539;false;
1553;A;19/03/04;1.1540;false;
1554;A;20/03/04;1.1541;false;
1555;A;21/03/04;1.1542;false;
1556;A;22/03/04;1.1543;false;
1557;A;23/03/04;1.1544;false;
1558;A;24/03/04;1.1545;false;
1559;A;25/03/04;1.1546;false;
1560;A;26/03/04;1.1547;false;
1561;A;27/03/04;1.1548;false;
1562;A;28/03/04;1.1549;false;
1563;A;29/03/04;1.1550;false;
1564;A;30/03/04;1.1551;false;
1565;A;31/03/04;1.1552;false;
1566;A;01/04/04;1.1553;false;
1567;A;02/04/04;1.1554;false;
1568;A;03/04/04;1.1555;false;
1569;A;04/04/04;1.1556;false;
1570;A;05/04/04;1.1557;false;
1571;A;06/04/04;1.1558;false;
1572;A;07/04/04;1.1559;false;
1573;A;08/04/04;1.1560;false;
1574;A;09/04/04;1.1561;false;
1575;A;10/04/04;1.1562;false;
1576;A;11/04/04;1.1563;false;
1577;A;12/04/04;1.1564;false;
1578;A;13/04/04;1.1565;false;
1579;A;14/04/04;1.1566;false;
1580;A;15/04/04;1.1567;false;
1581;A;16/04/04;1.1568;false;
1582;A;17/04/04;1.1569;false;
1583;A;18/04/04;1.1570;false;
1584;A;19/04/04;1.1571;false;
1585;A;20/04/04;1.1572;false;
1586;A;21/04/04;1.1573;false;
1587;A;22/04/04;1.1574;false;
1588;A;23/04/04;1.1575;false;
1589;A;24/04/04;1.1576;false;
1590;A;25/04/04;1.1577;false;
1591;A;26/04/04;1.1578;false;
1592;A;27/04/04;1.1579;false;
1593;A;28/04/04;1.1580;false;
1594;A;29/04/04;1.1581;false;
1595;A;30/04/04;1.1582;false;
1596;A;01/05/04;1.1583;false;
1597;A;02/05/04;1.1584;false;
1598;A;03/05/04;1.1585;false;
1599;A;04/05/04;1.1586;false;
1600;A;05/05/04;1.1587;false;
1601;A;06/05/04;1.1588;false;
1602;A;07/05/04;1.1589;false;
1603;A;08/05/04;1.1590;false;
1604;A;09/05/04;1.1591;false;
1605;A;10/05/04;1.1592;false;
1606;A;11/05/04;1.1593;false;
1607;A;12/05/04;1.1594;false;
1608;A;13/05/04;1.1595;false;
1609;A;14/05/04;1.1596;false;
1610;A;15/05/04;1.1597;false;
1611;A;16/05/04;1.1598;false;
1612;A;17/05/04;1.1599;false;
1613;A;18/05/04;1.1600;false;
1614;A;19/05/04;1.1601;false;
1615;A;20/05/04;1.1602;false;
1616;A;21/05/04;1.1603;false;
1617;A;22/05/04;1.1604;false;
1618;A;23/05/04;1.1605;false;
1619;A;24/05/04;1.1606;false;
1620;A;25/05/04;1.1607;false;
1621;A;26/05/04;1.1608;false;
1622;A;27/05/04;1.1609;false;
1623;A;28/05/04;1.1610;false;
1624;A;29/05/04;1.1611;false;
1625;A;30/05/04;1.1612;false;
1626;A;31/05/04;1.1613;false;
1627;A;01/06/04;1.1614;false;
1628;A;02/06/04;1.1615;false;
1629;A;03/06/04;1.1616;false;
1630;A;04/06/04;1.1617;false;
1631;A;05/06/04;1.1618;false;
1632;A;06/06/04;1.1619;false;
1633;A;07/06/04;1.1620;false;
1634;A;08/06/04;1.1621;false;
1635;A;09/06/04;1.1622;false;
1636;A;10/06/04;1.1623;false;
1637;A;11/06/04;1.1624;false;
1638;A;12/06/04;1.1625;false;
1639;A;13/06/04;1.1626;false;
1640;A;14/06/04;1.1627;false;
1641;A;15/06/04;1.1628;false;
1642;A;16/06/04;1.1629;false;
1643;A;17/06/04;1.1630;false;
1644;A;18/06/04;1.1631;false;
1645;A;19/06/04;1.1632;false;
1646;A;20/06/04;1.1633;false;
1647;A;21/06/04;1.1634;false;
1648;A;22/06/04;1.1635;false;
1649;A;23/06/04;1.1636;false;
1650;A;24/06/04;1.1637;false;
1651;A;25/06/04;1.1638;false;
1652;A;26/06/04;1.1639;false;
1653;A;27/06/04;1.1640;false;
1654;A;28/06/04;1.1641;false;
1655;A;29/06/04;1.1642;false;
1656;A;30/06/04;1.1643;false;
1657;A;01/07/04;1.1644;false;
1658;A;02/07/04;1.1645;false;
1659;A;03/07/04;1.1646;false;
1660;A;04/07/04;1.1647;false;
1661;A;05/07/04;1.1648;false;
1662;A;06/07/04;1.1649;false;
1663;A;07/07/04;1.1650;false;
1664;A;08/07/04;1.1651;false;
1665;A;09/07/04;1.1652;false;
1666;A;10/07/04;1.1653;false;
1667;A;11/07/04;1.1654;false;
1668;A;12/07/04;1.1655;false;
1669;A;13/07/04;1.1656;false;
1670;A;14/07/04;1.1657;false;
1671;A;15/07/04;1.1658;false;
1672;A;16/07/04;1.1659;false;
1673;A;17/07/04;1.1660;false;
1674;A;18/07/04;1.1661;false;
1675;A;19/07/04;1.1662;false;
1676;A;20/07/04;1.1663;false;
1677;A;21/07/04;1.1664;false;
1678;A;22/07/04;1.1665;false;
1679;A;23/07/04;1.1666;false;
1680;A;24/07/04;1.1667;false;
1681;A;25/07/04;1.1668;false;
1682;A;26/07/04;1.1669;false;
1683;A;27/07/04;1.1670;false;
1684;A;28/07/04;1.1671;false;
1685;A;29/07/04;1.1672;false;
1686;A;30/07/04;1.1673;false;
1687;A;31/07/04;1.1674;false;
1688;A;01/08/04;1.1675;false;
1689;A;02/08/04;1.1676;false;
1690;A;03/08/04;1.1677;false;
1691;A;04/08/04;1.1678;false;
1692;A;05/08/04;1.1679;false;
1693;A;06/08/04;1.1680;false;
1694;A;07/08/04;1.1681;false;
1695;A;08/08/04;1.1682;false;
1696;A;09/08/04;1.1683;false;
1697;A;10/08/04;1.1684;false;
1698;A;11/08/04;1.1685;false;
1699;A;12/08/04;1.1686;false;
1700;A;13/08/04;1.1687;false;
1701;A;14/08/04;1.1688;false;
1702;A;15/08/04;1.1689;false;
1703;A;16/08/04;1.1690;false;
1704;A;17/08/04;1.1691;false;
1705;A;18/08/04;1.1692;false;
1706;A;19/08/04;1.1693;false;
1707;A;20/08/04;1.1694;false;
1708;A;21/08/04;1.1695;false;
1709;A;22/08/04;1.1696;false;
1710;A;23/08/04;1.1697;false;
1711;A;24/08/04;1.1698;false;
1712;A;25/08/04;1.1699;false;
1713;A;26/08/04;1.1700;false;
1714;A;27/08/04;1.1701;false;
1715;A;28/08/04;1.1702;false;
1716;A;29/08/04;1.1703;false;
1717;A;30/08/04;1.1704;false;
1718;A;31/08/04;1.1705;false;
1719;A;01/09/04;1.1706;false;
1720;A;02/09/04;1.1707;false;
1721;A;03/09/04;1.1708;false;
1722;A;04/09/04;1.1709;false;
1723;A;05/09/04;1.1710;false;
1724;A;06/09/04;1.1711;false;
1725;A;07/09/04;1.1712;false;
1726;A;08/09/04;1.1713;false;
1727;A;09/09/04;1.1714;false;
1728;A;10/09/04;1.1715;false;
1729;A;11/09/04;1.1716;false;
1730;A;12/09/04;1.1717;false;
1731;A;13/09/04;1.1718;false;
1732;A;14/09/04;1.1719;false;
1733;A;15/09/04;1.1720;false;
1734;A;16/09/04;1.1721;false;
1735;A;17/09/04;1.1722;false;
1736;A;18/09/04;1.1723;false;
1737;A;19/09/04;1.1724;false;
1738;A;20/09/04;1.1725;false;
1739;A;21/09/04;1.1726;false;
1740;A;22/09/04;1.1727;false;
1741;A;23/09/04;1.1728;false;
1742;A;24/09/04;1.1729;false;
1743;A;25/09/04;1.1730;false;
1744;A;26/09/04;1.1731;false;
1745;A;27/09/04;1.1732;false;
1746;A;28/09/04;1.1733;false;
1747;A;29/09/04;1.1734;false;
1748;A;30/09/04;1.1735;false;
1749;A;01/10/04;1.1736;false;
1750;A;02/10/04;1.1737;false;
1751;A;03/10/04;1.1738;false;
1752;A;04/10/04;1.1739;false;
1753;A;05/10/04;1.1740;false;
1754;A;06/10/04;1.1741;false;
1755;A;07/10/04;1.1742;false;
1756;A;08/10/04;1.1743;false;
1757;A;09/10/04;1.1744;false;
1758;A;10/10/04;1.1745;false;
1759;A;11/10/04;1.1746;false;
1760;A;12/10/04;1.1747;false;
1761;A;13/10/04;1.1748;false;
1762;A;14/10/04;1.1749;false;
1763;A;15/10/04;1.1750;false;
1764;A;16/10/04;1.1751;false;
1765;A;17/10/04;1.1752;false;
1766;A;18/10/04;1.1753;false;
1767;A;19/10/04;1.1754;false;
1768;A;20/10/04;1.1755;false;
1769;A;21/10/04;1.1756;false;
1770;A;22/10/04;1.1757;false;
1771;A;23/10/04;1.1758;false;
1772;A;24/10/04;1.1759;false;
1773;A;25/10/04;1.1760;false;
1774;A;26/10/04;1.1761;false;
1775;A;27/10/04;1.1762;false;
1776;A;28/10/04;1.1763;false;
1777;A;29/10/04;1.1764;false;
1778;A;30/10/04;1.1765;false;
1779;A;31/10/04;1.1766;false;
1780;A;01/11/04;1.1767;false;
1781;A;02/11/04;1.1768;false;
1782;A;03/11/04;1.1769;false;
1783;A;04/11/04;1.1770;false;
1784;A;05/11/04;1.1771;false;
1785;A;06/11/04;1.1772;false;
1786;A;07/11/04;1.1773;false;
1787;A;08/11/04;1.1774;false;
1788;A;09/11/04;1.1775;false;
1789;A;10/11/04;1.1776;false;
1790;A;11/11/04;1.1777;false;
1791;A;12/11/04;1.1778;false;
1792;A;13/11/04;1.1779;false;
1793;A;14/11/04;1.1780;false;
1794;A;15/11/04;1.1781;false;
1795;A;16/11/04;1.1782;false;
1796;A;17/11/04;1.1783;false;
1797;A;18/11/04;1.1784;false;
1798;A;19/11/04;1.1785;false;
1799;A;20/11/04;1.1786;false;
1800;A;21/11/04;1.1787;false;
1801;A;22/11/04;1.1788;false;
1802;A;23/11/04;1.1789;false;
1803;A;24/11/04;1.1790;false;
1804;A;25/11/04;1.1791;false;
1805;A;26/11/04;1.1792;false;
1806;A;27/11/04;1.1793;false;
1807;A;28/11/04;1.1794;false;
1808;A;29/11/04;1.1795;false;
1809;A;30/11/04;1.1796;false;
1810;A;01/12/04;1.1797;false;
1811;A;02/12/04;1.1798;false;
1812;A;03/12/04;1.1799;false;
1813;A;04/12/04;1.1800;false;
1814;A;05/12/04;1.1801;false;
1815;A;06/12/04;1.1802;false;
1816;A;07/12/04;1.1803;false;
1817;A;08/12/04;1.1804;false;
1818;A;09/12/04;1.1805;false;
1819;A;10/12/04;1.1806;false;
1820;A;11/12/04;1.1807;false;
1821;A;12/12/04;1.1808;false;
1822;A;13/12/04;1.1809;false;
1823;A;14/12/04;1.1810;false;
1824;A;15/12/04;1.1811;false;
1825;A;16/12/04;1.1812;false;
1826;A;17/12/04;1.1813;false;
1827;A;18/12/04;1.1814;false;
1828;A;19/12/04;1.1815;false;
1829;A;20/12/04;1.1816;false;
1830;A;21/12/04;1.1817;false;
1831;A;22/12/04;1.1818;false;
1832;A;23/12/04;1.1819;false;
1833;A;24/12/04;1.1820;false;
1834;A;25/12/04;1.1821;false;
1835;A;26/12/04;1.1822;false;
1836;A;27/12/04;1.1823;false;
1837;A;28/12/04;1.1824;false;
1838;A;29/12/04;1.1825;false;
1839;A;30/12/04;1.1826;false;
1840;A;31/12/04;1.1827;false;
1841;A;01/01/05;1.1828;false;
1842;A;02/01/05;1.1829;false;
1843;A;03/01/05;1.1830;false;
1844;A;04/01/05;1.1831;false;
1845;A;05/01/05;1.1832;false;
1846;A;06/01/05;1.1833;false;
1847;A;07/01/05;1.1834;false;
1848;A;08/01/05;1.1835;false;
1849;A;09/01/05;1.1836;false;
1850;A;10/01/05;1.1837;false;
1851;A;11/01/05;1.1838;false;
1852;A;12/01/05;1.1839;false;
1853;A;13/01/05;1.1840;false;
1854;A;14/01/05;1.1841;false;
1855;A;15/01/05;1.1842;false;
1856;A;16/01/05;1.1843;false;
1857;A;17/01/05;1.1844;false;
1858;A;18/01/05;1.1845;false;
1859;A;19/01/05;1.1846;false;
1860;A;20/01/05;1.1847;false;
1861;A;21/01/05;1.1848;false;
1862;A;22/01/05;1.1849;false;
1863;A;23/01/05;1.1850;false;
1864;A;24/01/05;1.1851;false;
1865;A;25/01/05;1.1852;false;
1866;A;26/01/05;1.1853;false;
1867;A;27/01/05;1.1854;false;
1868;A;28/01/05;1.1855;false;
1869;A;29/01/05;1.1856;false;
1870;A;30/01/05;1.1857;false;
1871;A;31/01/05;1.1858;false;
1872;A;01/02/05;1.1859;false;
1873;A;02/02/05;1.1860;false;
1874;A;03/02/05;1.1861;false;
1875;A;04/02/05;1.1862;false;
1876;A;05/02/05;1.1863;false;
1877;A;06/02/05;1.1864;false;
1878;A;07/02/05;1.1865;false;
1879;A;08/02/05;1.1866;false;
1880;A;09/02/05;1.1867;false;
1881;A;10/02/05;1.1868;false;
1882;A;11/02/05;1.1869;false;
1883;A;12/02/05;1.1870;false;
1884;A;13/02/05;1.1871;false;
1885;A;14/02/05;1.1872;false;
1886;A;15/02/05;1.1873;false;
1887;A;16/02/05;1.1874;false;
1888;A;17/02/05;1.1875;false;
1889;A;18/02/05;1.1876;false;
1890;A;19/02/05;1.1877;false;
1891;A;20/02/05;1.1878;false;
1892;A;21/02/05;1.1879;false;
1893;A;22/02/05;1.1880;false;
1894;A;23/02/05;1.1881;false;
1895;A;24/02/05;1.1882;false;
1896;A;25/02/05;1.1883;false;
1897;A;26/02/05;1.1884;false;
1898;A;27/02/05;1.1885;false;
1899;A;28/02/05;1.1886;false;
1900;A;01/03/05;1.1887;false;
1901;A;02/03/05;1.1888;false;
1902;A;03/03/05;1.1889;false;
1903;A;04/03/05;1.1890;false;
1904;A;05/03/05;1.1891;false;
1905;A;06/03/05;1.1892;false;
1906;A;07/03/05;1.1893;false;
1907;A;08/03/05;1.1894;false;
1908;A;09/03/05;1.1895;false;
1909;A;10/03/05;1.1896;false;
1910;A;11/03/05;1.1897;false;
1911;A;12/03/05;1.1898;false;
1912;A;13/03/05;1.1899;false;
1913;A;14/03/05;1.1900;false;
1914;A;15/03/05;1.1901;false;
1915;A;16/03/05;1.1902;false;
1916;A;17/03/05;1.1903;false;
1917;A;18/03/05;1.1904;false;
1918;A;19/03/05;1.1905;false;
1919;A;20/03/05;1.1906;false;
1920;A;21/03/05;1.1907;false;
1921;A;22/03/05;1.1908;false;
1922;A;23/03/05;1.1909;false;
1923;A;24/03/05;1.1910;false;
1924;A;25/03/05;1.1911;false;
1925;A;26/03/05;1.1912;false;
1926;A;27/03/05;1.1913;false;
1927;A;28/03/05;1.1914;false;
1928;A;29/03/05;1.1915;false;
1929;A;30/03/05;1.1916;false;
1930;A;31/03/05;1.1917;false;
1931;A;01/04/05;1.1918;false;
1932;A;02/04/05;1.1919;false;
1933;A;03/04/05;1.1920;false;
1934;A;04/04/05;1.1921;false;
1935;A;05/04/05;1.1922;false;
1936;A;06/04/05;1.1923;false;
1937;A;07/04/05;1.1924;false;
1938;A;08/04/05;1.1925;false;
1939;A;09/04/05;1.1926;false;
1940;A;10/04/05;1.1927;false;
1941;A;11/04/05;1.1928;false;
1942;A;12/04/05;1.1929;false;
1943;A;13/04/05;1.1930;false;
1944;A;14/04/05;1.1931;false;
1945;A;15/04/05;1.1932;false;
1946;A;16/04/05;1.1933;false;
1947;A;17/04/05;1.1934;false;
1948;A;18/04/05;1.1935;false;
1949;A;19/04/05;1.1936;false;
1950;A;20/04/05;1.1937;false;
1951;A;21/04/05;1.1938;false;
1952;A;22/04/05;1.1939;false;
1953;A;23/04/05;1.1940;false;
1954;A;24/04/05;1.1941;false;
1955;A;25/04/05;1.1942;false;
1956;A;26/04/05;1.1943;false;
1957;A;27/04/05;1.1944;false;
1958;A;28/04/05;1.1945;false;
1959;A;29/04/05;1.1946;false;
1960;A;30/04/05;1.1947;false;
1961;A;01/05/05;1.1948;false;
1962;A;02/05/05;1.1949;false;
1963;A;03/05/05;1.1950;false;
1964;A;04/05/05;1.1951;false;
1965;A;05/05/05;1.1952;false;
1966;A;06/05/05;1.1953;false;
1967;A;07/05/05;1.1954;false;
1968;A;08/05/05;1.1955;false;
1969;A;09/05/05;1.1956;false;
1970;A;10/05/05;1.1957;false;
1971;A;11/05/05;1.1958;false;
1972;A;12/05/05;1.1959;false;
1973;A;13/05/05;1.1960;false;
1974;A;14/05/05;1.1961;false;
1975;A;15/05/05;1.1962;false;
1976;A;16/05/05;1.1963;false;
1977;A;17/05/05;1.1964;false;
1978;A;18/05/05;1.1965;false;
1979;A;19/05/05;1.1966;false;
1980;A;20/05/05;1.1967;false;
1981;A;21/05/05;1.1968;false;
1982;A;22/05/05;1.1969;false;
1983;A;23/05/05;1.1970;false;
1984;A;24/05/05;1.1971;false;
1985;A;25/05/05;1.1972;false;
1986;A;26/05/05;1.1973;false;
1987;A;27/05/05;1.1974;false;
1988;A;28/05/05;1.1975;false;
1989;A;29/05/05;1.1976;false;
1990;A;30/05/05;1.1977;false;
1991;A;31/05/05;1.1978;false;
1992;A;01/06/05;1.1979;false;
1993;A;02/06/05;1.1980;false;
1994;A;03/06/05;1.1981;false;
1995;A;04/06/05;1.1982;false;
1996;A;05/06/05;1.1983;false;
1997;A;06/06/05;1.1984;false;
1998;A;07/06/05;1.1985;false;
1999;A;08/06/05;1.1986;false;
2000;A;09/06/05;1.1987;false;
2001;A;10/06/05;1.1988;false;
2002;A;11/06/05;1.1989;false;
2003;A;12/06/05;1.1990;false;
2004;A;13/06/05;1.1991;false;
2005;A;14/06/05;1.1992;false;
2006;A;15/06/05;1.1993;false;
2007;A;16/06/05;1.1994;false;
2008;A;17/06/05;1.1995;false;
2009;A;18/06/05;1.1996;false;
2010;A;19/06/05;1.1997;false;
2011;A;20/06/05;1.1998;false;
2012;A;21/06/05;1.1999;false;
2013;A;22/06/05;1.2000;false;
2014;A;23/06/05;1.2001;false;
2015;A;24/06/05;1.2002;false;
2016;A;25/06/05;1.2003;false;
2017;A;26/06/05;1.2004;false;
2018;A;27/06/05;1.2005;false;
2019;A;28/06/05;1.2006;false;
2020;A;29/06/05;1.2007;false;
2021;A;30/06/05;1.2008;false;
2022;A;01/07/05;1.2009;false;
2023;A;02/07/05;1.2010;false;
2024;A;03/07/05;1.2011;false;
2025;A;04/07/05;1.2012;false;
2026;A;05/07/05;1.2013;false;
2027;A;06/07/05;1.2014;false;
2028;A;07/07/05;1.2015;false;
2029;A;08/07/05;1.2016;false;
2030;A;09/07/05;1.2017;false;
2031;A;10/07/05;1.2018;false;
2032;A;11/07/05;1.2019;false;
2033;A;12/07/05;1.2020;false;
2034;A;13/07/05;1.2021;false;
2035;A;14/07/05;1.2022;false;
2036;A;15/07/05;1.2023;false;
2037;A;16/07/05;1.2024;false;
2038;A;17/07/05;1.2025;false;
